{
  "hash": "73cb9f3d",
  "browserHash": "8232dde8",
  "optimized": {
    "@angular/common": {
      "src": "../../../../../node_modules/@angular/common/fesm2022/common.mjs",
      "file": "@angular_common.js",
      "fileHash": "9beac224",
      "needsInterop": false
    },
    "@angular/common/http": {
      "src": "../../../../../node_modules/@angular/common/fesm2022/http.mjs",
      "file": "@angular_common_http.js",
      "fileHash": "301c2e6e",
      "needsInterop": false
    },
    "@angular/core": {
      "src": "../../../../../node_modules/@angular/core/fesm2022/core.mjs",
      "file": "@angular_core.js",
      "fileHash": "1b3a46f0",
      "needsInterop": false
    },
    "@angular/forms": {
      "src": "../../../../../node_modules/@angular/forms/fesm2022/forms.mjs",
      "file": "@angular_forms.js",
      "fileHash": "d204757a",
      "needsInterop": false
    },
    "@angular/platform-browser": {
      "src": "../../../../../node_modules/@angular/platform-browser/fesm2022/platform-browser.mjs",
      "file": "@angular_platform-browser.js",
      "fileHash": "37283b4c",
      "needsInterop": false
    },
    "@angular/router": {
      "src": "../../../../../node_modules/@angular/router/fesm2022/router.mjs",
      "file": "@angular_router.js",
      "fileHash": "e226d22e",
      "needsInterop": false
    }
  },
  "chunks": {
    "chunk-SS5KXQBK": {
      "file": "chunk-SS5KXQBK.js"
    },
    "chunk-RWPS22EK": {
      "file": "chunk-RWPS22EK.js"
    },
    "chunk-WTKTNTGT": {
      "file": "chunk-WTKTNTGT.js"
    },
    "chunk-IH2XHIWS": {
      "file": "chunk-IH2XHIWS.js"
    }
  }
}